{
  "timestamp": "2025-11-29T06:23:41.824684",
  "project": "Elevare-FullStack",
  "health_score": 0,
  "critical_issues": [
    {
      "type": "SECRET_EXPOSED",
      "severity": "CRITICAL",
      "message": "Secret password encontrado em frontend-landing/backend/test/e2e/auth.e2e-spec.ts:29",
      "file": "frontend-landing/backend/test/e2e/auth.e2e-spec.ts",
      "line": 29
    },
    {
      "type": "SECRET_EXPOSED",
      "severity": "CRITICAL",
      "message": "Secret password encontrado em frontend-landing/backend/test/e2e/auth.e2e-spec.ts:47",
      "file": "frontend-landing/backend/test/e2e/auth.e2e-spec.ts",
      "line": 47
    },
    {
      "type": "SECRET_EXPOSED",
      "severity": "CRITICAL",
      "message": "Secret password encontrado em frontend-landing/backend/test/e2e/auth.e2e-spec.ts:57",
      "file": "frontend-landing/backend/test/e2e/auth.e2e-spec.ts",
      "line": 57
    },
    {
      "type": "SECRET_EXPOSED",
      "severity": "CRITICAL",
      "message": "Secret password encontrado em frontend-landing/backend/test/e2e/auth.e2e-spec.ts:72",
      "file": "frontend-landing/backend/test/e2e/auth.e2e-spec.ts",
      "line": 72
    },
    {
      "type": "SECRET_EXPOSED",
      "severity": "CRITICAL",
      "message": "Secret password encontrado em frontend-landing/backend/test/e2e/auth.e2e-spec.ts:85",
      "file": "frontend-landing/backend/test/e2e/auth.e2e-spec.ts",
      "line": 85
    },
    {
      "type": "SECRET_EXPOSED",
      "severity": "CRITICAL",
      "message": "Secret password encontrado em frontend-landing/backend/test/e2e/auth.e2e-spec.ts:97",
      "file": "frontend-landing/backend/test/e2e/auth.e2e-spec.ts",
      "line": 97
    },
    {
      "type": "ENV_FILE_COMMITTED",
      "severity": "CRITICAL",
      "message": "4 arquivo(s) .env encontrado(s) no repositório",
      "files": [
        "frontend-landing/backend/.env.mock",
        "frontend-landing/backend/.env.whatsapp",
        "frontend/.env.development",
        "frontend/.env.production"
      ]
    },
    {
      "type": "DEPENDENCY_VULNERABILITY",
      "severity": "HIGH",
      "message": "Vulnerabilidade high em @nestjs/cli",
      "package": "@nestjs/cli",
      "via": [
        "@angular-devkit/schematics-cli",
        "glob",
        "inquirer"
      ]
    },
    {
      "type": "DEPENDENCY_VULNERABILITY",
      "severity": "HIGH",
      "message": "Vulnerabilidade high em glob",
      "package": "glob",
      "via": [
        {
          "source": 1109842,
          "name": "glob",
          "dependency": "glob",
          "title": "glob CLI: Command injection via -c/--cmd executes matches with shell:true",
          "url": "https://github.com/advisories/GHSA-5j98-mcp5-4vw2",
          "severity": "high",
          "cwe": [
            "CWE-78"
          ],
          "cvss": {
            "score": 7.5,
            "vectorString": "CVSS:3.1/AV:N/AC:H/PR:L/UI:N/S:U/C:H/I:H/A:H"
          },
          "range": ">=10.2.0 <10.5.0"
        }
      ]
    }
  ],
  "warnings": [],
  "info": [],
  "security": {
    "secrets_found": 6,
    "env_files": [
      "frontend-landing/backend/.env.mock",
      "frontend-landing/backend/.env.whatsapp",
      "frontend/.env.development",
      "frontend/.env.production"
    ]
  },
  "quality": {
    "total_files": 204,
    "total_lines": 20787,
    "js_files": 34,
    "ts_files": 170,
    "test_files": 27,
    "commented_lines": 3659,
    "todo_comments": 69,
    "fixme_comments": 0
  },
  "tests": {},
  "dependencies": {
    "total_vulnerabilities": 8,
    "critical": 0,
    "high": 2,
    "moderate": 2,
    "low": 4
  },
  "health_classification": "CRITICAL"
}